Document_ID,Project_ID,Document_Name,Document_Type,Uploaded_By,Upload_Date,Version,Status
DOC_1200,PRJ_105,Environmental_Impact_Report_Rev_1.pdf,Environmental Impact Report,Manish Pandey,2025-09-17,3.5,Pending Review
DOC_1201,PRJ_101,Safety_Certificate_Rev_3.pdf,Safety Certificate,Krishna Murthy,2025-05-17,2.0,Superseded
DOC_1202,PRJ_103,Structural_Design_Rev_2.pdf,Structural Design,Siddharth Rao,2025-04-21,3.1,Superseded
DOC_1203,PRJ_101,GST_Invoice_Rev_1.pdf,GST Invoice,Arjun Rao,2025-03-16,1.8,Pending Review
DOC_1204,PRJ_100,Safety_Certificate_Rev_4.pdf,Safety Certificate,Vimal E A,2025-06-12,2.4,Approved
DOC_1205,PRJ_111,Safety_Certificate_Rev_1.pdf,Safety Certificate,Arjun Rao,2025-05-08,3.6,Pending Review
DOC_1206,PRJ_109,Blueprint_Drawing_Rev_4.pdf,Blueprint Drawing,Anil Mehta,2025-07-27,3.3,Pending Review
DOC_1207,PRJ_107,NOC_Clearance_Rev_3.pdf,NOC Clearance,Sanjay Gupta,2025-07-08,2.5,Pending Review
DOC_1208,PRJ_103,Safety_Certificate_Rev_1.pdf,Safety Certificate,Mehaavarshini J,2025-03-27,2.4,Approved
DOC_1209,PRJ_104,NOC_Clearance_Rev_4.pdf,NOC Clearance,Vijay Joshi,2025-07-10,3.1,Superseded
DOC_1210,PRJ_113,NOC_Clearance_Rev_1.pdf,NOC Clearance,Vimal E A,2025-04-28,2.1,Superseded
DOC_1211,PRJ_112,NOC_Clearance_Rev_4.pdf,NOC Clearance,Pranav Reddy,2025-03-26,2.1,Superseded
DOC_1212,PRJ_113,GST_Invoice_Rev_3.pdf,GST Invoice,Pranav Reddy,2025-07-20,3.5,Approved
DOC_1213,PRJ_106,Safety_Certificate_Rev_3.pdf,Safety Certificate,Karthik Raja,2025-06-12,2.8,Approved
DOC_1214,PRJ_114,Blueprint_Drawing_Rev_2.pdf,Blueprint Drawing,Vimal E A,2025-06-08,1.7,Pending Review
DOC_1215,PRJ_114,Environmental_Impact_Report_Rev_4.pdf,Environmental Impact Report,Vimal E A,2025-08-06,3.0,Superseded
DOC_1216,PRJ_103,GST_Invoice_Rev_4.pdf,GST Invoice,Vikram Singh,2025-04-03,1.4,Pending Review
DOC_1217,PRJ_106,GST_Invoice_Rev_1.pdf,GST Invoice,Siddharth Rao,2025-03-25,2.4,Pending Review
DOC_1218,PRJ_110,Structural_Design_Rev_3.pdf,Structural Design,Aditya Deshmukh,2025-07-04,1.6,Approved
DOC_1219,PRJ_101,Structural_Design_Rev_2.pdf,Structural Design,Rajesh Sharma,2025-04-04,2.7,Pending Review
DOC_1220,PRJ_108,Safety_Certificate_Rev_4.pdf,Safety Certificate,Siddharth Rao,2025-09-20,1.3,Approved
DOC_1221,PRJ_104,Structural_Design_Rev_1.pdf,Structural Design,Deepak Tiwari,2025-08-22,2.8,Approved
DOC_1222,PRJ_110,Blueprint_Drawing_Rev_4.pdf,Blueprint Drawing,Rajesh Sharma,2025-02-15,1.5,Superseded
DOC_1223,PRJ_104,Blueprint_Drawing_Rev_4.pdf,Blueprint Drawing,Krishna Murthy,2025-07-22,3.1,Pending Review
DOC_1224,PRJ_113,Environmental_Impact_Report_Rev_2.pdf,Environmental Impact Report,Vijay Joshi,2025-03-01,3.8,Approved
DOC_1225,PRJ_108,Environmental_Impact_Report_Rev_3.pdf,Environmental Impact Report,Lakshana G S,2025-09-15,1.3,Superseded
DOC_1226,PRJ_101,GST_Invoice_Rev_3.pdf,GST Invoice,Vimal E A,2025-08-08,2.3,Pending Review
DOC_1227,PRJ_103,Structural_Design_Rev_1.pdf,Structural Design,Sanjay Gupta,2025-03-27,2.7,Pending Review
DOC_1228,PRJ_104,NOC_Clearance_Rev_1.pdf,NOC Clearance,Lakshana G S,2025-06-17,2.1,Pending Review
DOC_1229,PRJ_108,Safety_Certificate_Rev_4.pdf,Safety Certificate,Aditya Deshmukh,2025-04-05,2.2,Pending Review
DOC_1230,PRJ_107,Environmental_Impact_Report_Rev_3.pdf,Environmental Impact Report,Manoj Mishra,2025-02-06,3.9,Approved
DOC_1231,PRJ_113,Environmental_Impact_Report_Rev_1.pdf,Environmental Impact Report,Gaurav Joshi,2025-09-23,3.3,Pending Review
DOC_1232,PRJ_108,Safety_Certificate_Rev_3.pdf,Safety Certificate,Siddharth Rao,2025-10-04,3.5,Superseded
DOC_1233,PRJ_101,NOC_Clearance_Rev_2.pdf,NOC Clearance,Sandeep Choudhury,2025-05-11,1.6,Pending Review
DOC_1234,PRJ_104,Blueprint_Drawing_Rev_2.pdf,Blueprint Drawing,Manoj Mishra,2025-03-26,1.7,Superseded
DOC_1235,PRJ_105,Environmental_Impact_Report_Rev_4.pdf,Environmental Impact Report,Amit Patel,2025-04-12,1.7,Pending Review
DOC_1236,PRJ_111,Safety_Certificate_Rev_3.pdf,Safety Certificate,Gaurav Joshi,2025-05-20,1.2,Superseded
DOC_1237,PRJ_104,NOC_Clearance_Rev_1.pdf,NOC Clearance,Krishna Murthy,2025-05-19,3.8,Superseded
DOC_1238,PRJ_105,Safety_Certificate_Rev_1.pdf,Safety Certificate,Manish Pandey,2025-02-14,3.2,Superseded
DOC_1239,PRJ_107,Environmental_Impact_Report_Rev_2.pdf,Environmental Impact Report,Rajesh Sharma,2025-05-14,1.4,Pending Review
DOC_1240,PRJ_109,Blueprint_Drawing_Rev_1.pdf,Blueprint Drawing,Sanjay Gupta,2025-04-05,3.2,Superseded
DOC_1241,PRJ_110,Safety_Certificate_Rev_3.pdf,Safety Certificate,Sandeep Choudhury,2025-06-03,3.2,Pending Review
DOC_1242,PRJ_102,Environmental_Impact_Report_Rev_3.pdf,Environmental Impact Report,Manoj Mishra,2025-03-23,1.6,Pending Review
DOC_1243,PRJ_102,Safety_Certificate_Rev_4.pdf,Safety Certificate,Vimal E A,2025-03-30,1.0,Superseded
DOC_1244,PRJ_110,NOC_Clearance_Rev_2.pdf,NOC Clearance,Suresh Kumar,2025-10-08,2.3,Pending Review
DOC_1245,PRJ_111,Structural_Design_Rev_1.pdf,Structural Design,Rahul Nair,2025-07-09,2.9,Pending Review
DOC_1246,PRJ_102,Blueprint_Drawing_Rev_3.pdf,Blueprint Drawing,Sanjay Gupta,2025-10-01,3.1,Approved
DOC_1247,PRJ_111,NOC_Clearance_Rev_4.pdf,NOC Clearance,Manish Pandey,2025-09-24,2.7,Approved
DOC_1248,PRJ_103,Environmental_Impact_Report_Rev_2.pdf,Environmental Impact Report,Ramesh Verma,2025-10-01,2.4,Superseded
DOC_1249,PRJ_107,Safety_Certificate_Rev_2.pdf,Safety Certificate,Pranav Reddy,2025-09-08,1.9,Approved
DOC_1250,PRJ_113,GST_Invoice_Rev_2.pdf,GST Invoice,Pranav Reddy,2025-03-19,2.2,Approved
DOC_1251,PRJ_104,GST_Invoice_Rev_2.pdf,GST Invoice,Karthik Raja,2025-05-27,1.5,Superseded
DOC_1252,PRJ_110,Environmental_Impact_Report_Rev_4.pdf,Environmental Impact Report,Suresh Kumar,2025-02-03,2.2,Pending Review
DOC_1253,PRJ_111,Safety_Certificate_Rev_2.pdf,Safety Certificate,Gaurav Joshi,2025-05-10,3.6,Superseded
DOC_1254,PRJ_109,GST_Invoice_Rev_1.pdf,GST Invoice,Anil Mehta,2025-06-23,1.0,Pending Review
DOC_1255,PRJ_114,Structural_Design_Rev_4.pdf,Structural Design,Krishna Murthy,2025-07-06,3.9,Superseded
DOC_1256,PRJ_111,Blueprint_Drawing_Rev_1.pdf,Blueprint Drawing,Deepak Tiwari,2025-06-10,3.6,Pending Review
DOC_1257,PRJ_106,Environmental_Impact_Report_Rev_3.pdf,Environmental Impact Report,Vikram Singh,2025-10-06,3.0,Superseded
DOC_1258,PRJ_102,GST_Invoice_Rev_2.pdf,GST Invoice,Naga Vedhika B,2025-06-07,2.7,Approved
DOC_1259,PRJ_101,GST_Invoice_Rev_4.pdf,GST Invoice,Vikram Singh,2025-04-08,1.5,Approved
DOC_1260,PRJ_102,Safety_Certificate_Rev_3.pdf,Safety Certificate,Alok Saxena,2025-05-04,2.4,Pending Review
DOC_1261,PRJ_109,GST_Invoice_Rev_3.pdf,GST Invoice,Pranav Reddy,2025-09-17,1.5,Superseded
DOC_1262,PRJ_107,Structural_Design_Rev_4.pdf,Structural Design,Amit Patel,2025-03-21,1.0,Approved
DOC_1263,PRJ_102,Blueprint_Drawing_Rev_4.pdf,Blueprint Drawing,Deepak Tiwari,2025-03-14,3.7,Pending Review
DOC_1264,PRJ_101,Safety_Certificate_Rev_1.pdf,Safety Certificate,Sandeep Choudhury,2025-05-03,3.8,Pending Review
DOC_1265,PRJ_107,Safety_Certificate_Rev_1.pdf,Safety Certificate,Alok Saxena,2025-09-10,1.1,Pending Review
DOC_1266,PRJ_101,Structural_Design_Rev_3.pdf,Structural Design,Sanjay Gupta,2025-09-02,1.8,Pending Review
DOC_1267,PRJ_109,Environmental_Impact_Report_Rev_2.pdf,Environmental Impact Report,Vimal E A,2025-10-07,1.8,Superseded
DOC_1268,PRJ_102,Safety_Certificate_Rev_1.pdf,Safety Certificate,Vijay Joshi,2025-08-16,2.1,Pending Review
DOC_1269,PRJ_100,GST_Invoice_Rev_1.pdf,GST Invoice,Rahul Nair,2025-05-07,3.1,Pending Review
DOC_1270,PRJ_102,Blueprint_Drawing_Rev_1.pdf,Blueprint Drawing,Sandeep Choudhury,2025-09-01,3.7,Pending Review
DOC_1271,PRJ_110,GST_Invoice_Rev_1.pdf,GST Invoice,Arjun Rao,2025-10-07,1.9,Pending Review
DOC_1272,PRJ_105,Environmental_Impact_Report_Rev_2.pdf,Environmental Impact Report,Ramesh Verma,2025-09-09,1.4,Pending Review
DOC_1273,PRJ_112,Blueprint_Drawing_Rev_1.pdf,Blueprint Drawing,Mehaavarshini J,2025-10-02,3.6,Approved
DOC_1274,PRJ_106,GST_Invoice_Rev_2.pdf,GST Invoice,Vijay Joshi,2025-10-06,2.1,Approved
DOC_1275,PRJ_113,Structural_Design_Rev_2.pdf,Structural Design,Rahul Nair,2025-08-19,2.4,Superseded
DOC_1276,PRJ_112,Environmental_Impact_Report_Rev_2.pdf,Environmental Impact Report,Anil Mehta,2025-04-18,2.6,Superseded
DOC_1277,PRJ_112,GST_Invoice_Rev_2.pdf,GST Invoice,Krishna Murthy,2025-07-21,1.5,Superseded
DOC_1278,PRJ_103,Safety_Certificate_Rev_4.pdf,Safety Certificate,Rahul Nair,2025-06-02,2.9,Superseded
DOC_1279,PRJ_106,Blueprint_Drawing_Rev_4.pdf,Blueprint Drawing,Krishna Murthy,2025-07-08,1.6,Superseded
DOC_1280,PRJ_106,Blueprint_Drawing_Rev_1.pdf,Blueprint Drawing,Naga Vedhika B,2025-04-29,2.3,Superseded
DOC_1281,PRJ_110,Environmental_Impact_Report_Rev_2.pdf,Environmental Impact Report,Lakshana G S,2025-06-15,3.8,Approved
DOC_1282,PRJ_104,Safety_Certificate_Rev_4.pdf,Safety Certificate,Suresh Kumar,2025-09-21,2.4,Approved
DOC_1283,PRJ_102,Environmental_Impact_Report_Rev_3.pdf,Environmental Impact Report,Vijay Joshi,2025-06-14,2.4,Superseded
DOC_1284,PRJ_100,NOC_Clearance_Rev_1.pdf,NOC Clearance,Amit Patel,2025-06-12,1.8,Pending Review
DOC_1285,PRJ_106,Blueprint_Drawing_Rev_4.pdf,Blueprint Drawing,Aditya Deshmukh,2025-08-04,3.4,Pending Review
DOC_1286,PRJ_104,NOC_Clearance_Rev_1.pdf,NOC Clearance,Manish Pandey,2025-06-09,1.1,Superseded
DOC_1287,PRJ_110,Safety_Certificate_Rev_2.pdf,Safety Certificate,Sanjay Gupta,2025-09-04,2.0,Approved
DOC_1288,PRJ_106,Environmental_Impact_Report_Rev_3.pdf,Environmental Impact Report,Arjun Rao,2025-07-01,3.7,Superseded
DOC_1289,PRJ_107,NOC_Clearance_Rev_3.pdf,NOC Clearance,Arjun Rao,2025-10-06,1.3,Approved
DOC_1290,PRJ_101,Environmental_Impact_Report_Rev_3.pdf,Environmental Impact Report,Aditya Deshmukh,2025-02-28,2.8,Approved
DOC_1291,PRJ_100,Safety_Certificate_Rev_1.pdf,Safety Certificate,Rajesh Sharma,2025-03-16,3.7,Pending Review
DOC_1292,PRJ_111,Safety_Certificate_Rev_4.pdf,Safety Certificate,Manoj Mishra,2025-07-09,3.5,Superseded
DOC_1293,PRJ_110,Environmental_Impact_Report_Rev_4.pdf,Environmental Impact Report,Manoj Mishra,2025-02-23,1.2,Approved
DOC_1294,PRJ_103,Blueprint_Drawing_Rev_1.pdf,Blueprint Drawing,Gaurav Joshi,2025-10-07,1.0,Approved
DOC_1295,PRJ_107,Environmental_Impact_Report_Rev_2.pdf,Environmental Impact Report,Siddharth Rao,2025-04-03,2.8,Approved
DOC_1296,PRJ_101,GST_Invoice_Rev_4.pdf,GST Invoice,Vikram Singh,2025-06-02,2.0,Approved
DOC_1297,PRJ_102,Structural_Design_Rev_4.pdf,Structural Design,Lakshana G S,2025-06-01,1.7,Superseded
DOC_1298,PRJ_103,Structural_Design_Rev_3.pdf,Structural Design,Vimal E A,2025-09-01,2.0,Pending Review
DOC_1299,PRJ_100,Blueprint_Drawing_Rev_4.pdf,Blueprint Drawing,Pranav Reddy,2025-09-06,2.9,Superseded
DOC_1300,PRJ_111,NOC_Clearance_Rev_3.pdf,NOC Clearance,Amit Patel,2025-06-05,2.7,Superseded
DOC_1301,PRJ_109,Environmental_Impact_Report_Rev_4.pdf,Environmental Impact Report,Vijay Joshi,2025-08-02,1.8,Approved
DOC_1302,PRJ_106,NOC_Clearance_Rev_3.pdf,NOC Clearance,Mehaavarshini J,2025-02-17,2.6,Pending Review
DOC_1303,PRJ_101,Safety_Certificate_Rev_3.pdf,Safety Certificate,Sandeep Choudhury,2025-07-29,2.0,Approved
DOC_1304,PRJ_104,Environmental_Impact_Report_Rev_2.pdf,Environmental Impact Report,Lakshana G S,2025-04-30,2.3,Superseded
DOC_1305,PRJ_103,NOC_Clearance_Rev_3.pdf,NOC Clearance,Karthik Raja,2025-09-07,3.7,Approved
DOC_1306,PRJ_114,GST_Invoice_Rev_4.pdf,GST Invoice,Pranav Reddy,2025-09-02,3.5,Pending Review
DOC_1307,PRJ_112,Structural_Design_Rev_2.pdf,Structural Design,Manoj Mishra,2025-07-27,3.1,Superseded
